{"cameraMode":{"drawMode":0,"name":"Shaded","section":"Shading Mode"},"sceneLighting":true,"audioPlay":false,"sceneViewState":{"showFog":true,"showMaterialUpdate":false,"showSkybox":true,"showFlares":true,"showImageEffects":true,"showParticleSystems":true},"in2DMode":false,"pivot":{"x":-3.8699138164520265,"y":6.4238996505737309,"z":-4.69686222076416},"rotation":{"x":-0.06599181890487671,"y":-0.18514809012413026,"z":0.013162007555365563,"w":-0.9811853170394898},"size":3.157883644104004,"orthographic":false}