{"cameraMode":{"drawMode":0,"name":"Shaded","section":"Shading Mode"},"sceneLighting":true,"audioPlay":false,"sceneViewState":{"showFog":true,"showMaterialUpdate":false,"showSkybox":true,"showFlares":true,"showImageEffects":true,"showParticleSystems":true},"in2DMode":false,"pivot":{"x":21.495826721191408,"y":-4.53936767578125,"z":-4.624325275421143},"rotation":{"x":-0.08586762845516205,"y":-0.8057714104652405,"z":0.12212852388620377,"w":-0.574600100517273},"size":22.943445205688478,"orthographic":false}