{"cameraMode":{"drawMode":0,"name":"Shaded","section":"Shading Mode"},"sceneLighting":false,"audioPlay":false,"sceneViewState":{"showFog":true,"showMaterialUpdate":true,"showSkybox":false,"showFlares":true,"showImageEffects":false,"showParticleSystems":true},"in2DMode":false,"pivot":{"x":1.111772060394287,"y":0.02165311574935913,"z":-0.05167631059885025},"rotation":{"x":-0.04377594217658043,"y":-0.13177490234375,"z":-0.019525954499840738,"w":-0.9923521876335144},"size":0.7796658277511597,"orthographic":false}