{"cameraMode":{"drawMode":0,"name":"Shaded","section":"Shading Mode"},"sceneLighting":true,"audioPlay":false,"sceneViewState":{"showFog":true,"showMaterialUpdate":true,"showSkybox":true,"showFlares":true,"showImageEffects":false,"showParticleSystems":true},"in2DMode":false,"pivot":{"x":6.034045219421387,"y":2.864644765853882,"z":23.331871032714845},"rotation":{"x":0.008169407024979592,"y":-0.18268871307373048,"z":-0.028561243787407876,"w":-0.9850001335144043},"size":24.302356719970704,"orthographic":false}