{"cameraMode":{"drawMode":0,"name":"Shaded","section":"Shading Mode"},"sceneLighting":false,"audioPlay":false,"sceneViewState":{"showFog":true,"showMaterialUpdate":false,"showSkybox":false,"showFlares":true,"showImageEffects":true,"showParticleSystems":true},"in2DMode":false,"pivot":{"x":0.0018797516822814942,"y":0.21266597509384156,"z":0.06112349033355713},"rotation":{"x":-0.1351454257965088,"y":0.6792206168174744,"z":-0.13063585758209229,"w":-0.7099817991256714},"size":1.0402257442474366,"orthographic":false}