{"cameraMode":{"drawMode":32,"name":"UV Overlap","section":"Baked Global Illumination"},"sceneLighting":false,"audioPlay":false,"sceneViewState":{"showFog":true,"showMaterialUpdate":true,"showSkybox":false,"showFlares":true,"showImageEffects":false,"showParticleSystems":true},"in2DMode":false,"pivot":{"x":0.8047720193862915,"y":0.02165311574935913,"z":-0.05167631059885025},"rotation":{"x":0.00031096828752197325,"y":-0.3560076951980591,"z":0.004295192193239927,"w":0.9357283115386963},"size":0.7796658277511597,"orthographic":false}