{"cameraMode":{"drawMode":0,"name":"Shaded","section":"Shading Mode"},"sceneLighting":true,"audioPlay":false,"sceneViewState":{"showFog":true,"showMaterialUpdate":true,"showSkybox":true,"showFlares":true,"showImageEffects":false,"showParticleSystems":true},"in2DMode":false,"pivot":{"x":-0.4482755661010742,"y":1.4247992038726807,"z":8.737373352050782},"rotation":{"x":-0.14553901553153993,"y":-0.0018011177890002728,"z":-0.005416672211140394,"w":-0.9910231828689575},"size":7.60553503036499,"orthographic":false}